line,year,n,jd_min,jd_span,f_mean,f_mean_err,err_rms,ratio,fvar,fvar_err,regime,rmax,rmax_err
Lyman Beta + O VI,1984,3,2445841.4891,52.10003999993205,2.2187618799692035e-12,4.126664422423017e-13,4.345002100582928e-13,2.706073452893954,0.255786816999243,0.06120752338417913,S² ≈ σ²err,1.8955480212505655,0.7032952529017396
Lyman Beta + O VI,1985,2,2446204.65473,0.05245999991893768,2.068332802773477e-12,1.4710585444652755e-13,5.37228862766161e-13,0.1499585509081515,,,not variable,1.1531374047971072,0.4290247596686191
Lyman Beta + O VI,1986,5,2446564.66188,222.4939899998717,1.4364582483844334e-12,2.0716504189163455e-13,3.610544595240141e-13,1.646104952764007,0.20203715351090282,0.09888448840058617,S² ≈ σ²err,2.1339289333571467,0.7842631943461521
Lyman Beta + O VI,1987,11,2446808.00218,351.10449000028893,1.691094589307652e-12,1.6304077782904519e-13,4.3753313373191296e-13,1.527436864972094,0.18790065229058547,0.07595326821563535,S² ≈ σ²err,2.4872056835808167,0.788675649233358
Lyman Beta + O VI,1988,7,2447175.01424,330.942139999941,1.679091980216159e-12,2.2555518198989975e-13,3.4785994986162957e-13,2.943030740099148,0.2887817729931216,0.03972154104359417,S² ≈ σ²err,3.0716204867694645,0.6894978234640674
Lyman Beta + O VI,1989,10,2447550.10245,332.86009999969974,2.472268307122082e-12,2.934137355763515e-13,5.328127679950865e-13,3.032575585925266,0.307257416324091,0.03380186568456021,S² ≈ σ²err,2.783415726587378,0.859750006547002
Lyman Beta + O VI,1990,9,2447897.06407,349.2727500000037,2.2036231762098272e-12,3.3850744628085504e-13,6.002789526162265e-13,2.862020434100177,0.3717132191660579,0.04705299918938484,S² ≈ σ²err,3.799865222943144,1.7013752577968204
Lyman Beta + O VI,1991,11,2448269.82462,328.3177499999292,1.5191592075929791e-12,1.2959397214541284e-13,3.9381125901712386e-13,1.1912036934957753,0.113352989087486,0.12639368012540872,S² ≈ σ²err,3.0021744290803762,1.1510005765929454
Lyman Beta + O VI,1992,5,2448627.03031,360.95638999994844,1.3407727759199904e-12,2.878205047492719e-13,3.8061770690193337e-13,2.85914044069328,0.3870703491943103,0.06583816323818434,S² ≈ σ²err,2.998844969821919,1.3095483793309648
Lyman Beta + O VI,1993,1,2449019.78859,0.0,,,,,,,N < 2,,
Lyman Beta + O VI,1994,4,2449406.93755,116.85889999987558,1.6093786191226396e-12,2.682954598957998e-13,4.423672251945616e-13,1.471366124290682,0.18871390408977334,0.14154695724779773,S² ≈ σ²err,1.9989238715083733,0.8320860289528423
Lyman Beta + O VI,1995,6,2449721.36698,174.15216000005603,1.8258367194312306e-12,2.584682658980217e-13,5.772682012396491e-13,1.2028471357486776,0.14239676992088682,0.20264721299150296,S² ≈ σ²err,3.6896121829092947,1.567832358704395
Lyman Alpha (Lya),1978,4,2443614.35486,100.17339000012726,9.019184970452953e-12,7.527127873256787e-13,1.360335077589246e-12,1.224691731045647,0.07149442014990302,0.11249677295584655,S² ≈ σ²err,1.4114473667769933,0.1448862965878534
Lyman Alpha (Lya),1979,1,2443997.54954,0.0,,,,,,,N < 2,,
Lyman Alpha (Lya),1982,9,2445026.89626,121.50514000002295,8.436287408490588e-12,1.0641873004836684e-12,6.107760784673516e-13,27.322133868334745,0.3714421624846313,0.02413289357008883,S² ≫ σ²err,118.19911316355466,38.06774932406221
Lyman Alpha (Lya),1983,1,2445439.96013,0.0,,,,,,,N < 2,,
Lyman Alpha (Lya),1984,3,2445841.4891,52.10003999993205,8.938045973896266e-12,1.8451909751031385e-13,3.5482584862749496e-13,0.8112849098435213,,,not variable,1.0697464037892512,0.06021358937651042
Lyman Alpha (Lya),1985,3,2446204.65473,69.20495999976993,8.835536102215046e-12,2.0293581826642082e-13,3.8133612504510654e-13,0.8496161719321056,,,not variable,1.0796316183067274,0.06335814952803405
Lyman Alpha (Lya),1986,8,2446564.66188,222.4939899998717,1.0085089503443595e-11,2.7225666384957797e-13,5.684810383310701e-13,1.8349112240209116,0.05150582836180412,0.015422546397733567,S² ≈ σ²err,1.211370817553842,0.10350495436408083
Lyman Alpha (Lya),1987,19,2446808.00218,351.15410000039265,9.669410326459396e-12,1.263718912775777e-13,4.939940253384847e-13,1.2434009035745286,0.025204773512292538,0.016798434674631893,S² ≈ σ²err,1.2195472982172548,0.09153857650466972
Lyman Alpha (Lya),1988,17,2447174.95447,348.20258999988437,9.139619947808007e-12,1.807878108413235e-13,5.425135964966728e-13,1.8878433711132176,0.05593075326026448,0.010803758142681393,S² ≈ σ²err,1.4022706331964354,0.24503734161306517
Lyman Alpha (Lya),1989,19,2447550.05735,332.905199999921,9.357735217949981e-12,9.724796413221748e-14,4.0422082320358857e-13,1.0997077179416044,0.013639935541738809,0.022191759809494085,S² ≈ σ²err,1.187041222877045,0.07745052211254587
Lyman Alpha (Lya),1990,22,2447897.06407,356.03475000010803,8.724579453885436e-12,1.7994819194078692e-13,5.471008596982157e-13,2.3800323553964913,0.07366607477283163,0.008047332067131551,S² ≈ σ²err,1.5352223503432318,0.10320444279673868
Lyman Alpha (Lya),1991,26,2448264.36171,345.6082700002007,9.015343925028366e-12,1.382872076341152e-13,5.357242322859002e-13,1.7324263476867507,0.05085585631221321,0.0096288703856308,S² ≈ σ²err,1.4831976197949732,0.1181342465703442
Lyman Alpha (Lya),1992,23,2448626.96262,361.02407999988645,9.032625980898255e-12,2.78636356416109e-13,7.727644842456113e-13,2.990260974517817,0.12069468347539687,0.008941269741482011,S² ≈ σ²err,2.1012588970886474,0.15484562361023282
Lyman Alpha (Lya),1993,19,2448989.88841,359.0959699996747,9.691104852320392e-12,3.8619019268869557e-13,5.970321419058754e-13,7.949881538821301,0.16241013266850995,0.0037909138998057966,S² ≈ σ²err,2.953531160843538,0.22147223496439983
Lyman Alpha (Lya),1994,23,2449361.19398,355.97752000018954,1.035450531095395e-11,2.292632787377681e-13,7.087875344983611e-13,2.406382674895461,0.08117802286659152,0.008510519008723499,S² ≈ σ²err,1.52773275895472,0.17137728963938625
Lyman Alpha (Lya),1995,41,2449721.21616,361.6755500002764,1.1199720613622973e-11,1.9005822177021389e-13,5.544771116267391e-13,4.817147370455745,0.0967265946283875,0.002798337192719012,S² ≈ σ²err,2.360623938318525,0.14450271208211746
Lyman Alpha (Lya),1996,10,2450087.81387,25.16111999982968,1.0445576267802982e-11,3.6916698234873976e-13,5.588961983685533e-13,4.362981706275649,0.09812078263418876,0.006524113395148611,S² ≈ σ²err,1.5220868598240107,0.116046353656277
N V,1978,2,2443614.49306,100.03519000019878,2.0315988521704816e-12,1.3347518001142284e-13,5.44295689234318e-13,0.1202710871430318,,,not variable,1.14063907633542,0.4319716616076136
N V,1979,1,2443997.54954,0.0,,,,,,,N < 2,,
N V,1982,4,2445078.43622,69.96517999982461,2.2217937037756886e-12,1.436441720942984e-13,5.899435066464419e-13,0.23714564949825157,,,not variable,1.3108319792444885,0.49384739616340084
N V,1984,3,2445841.4891,52.10003999993205,1.6975741040511849e-12,8.452353447545896e-14,3.648669511281924e-13,0.16099318718690184,,,not variable,1.1865045883414809,0.3271266832925655
N V,1985,3,2446204.65473,69.20495999976993,1.9723147383859072e-12,9.181045060320327e-14,4.2562829211771007e-13,0.13958685285185685,,,not variable,1.1591199786167523,0.28697863199680346
N V,1986,5,2446564.71157,222.44430000009015,2.450310048666495e-12,2.3550211859990733e-13,7.151884688647545e-13,0.5421489661920851,,,not variable,1.6299506858454302,0.6365284975175651
N V,1987,18,2446808.00218,351.15410000039265,2.020825373332031e-12,9.702750305294832e-14,5.799800779296915e-13,0.5037743641537049,,,not variable,2.09523878953171,0.9107064898407177
N V,1988,15,2447174.95447,348.14572999998927,2.214358768767e-12,9.86239989432877e-14,5.752093721103299e-13,0.4409654546239173,,,not variable,1.9560154648723989,0.8222463534248542
N V,1989,19,2447550.05735,332.905199999921,2.022417985147528e-12,1.0571957273287208e-13,5.277111451146616e-13,0.7625562176950139,,,not variable,2.124189680025798,0.8497824227872212
N V,1990,18,2447897.06407,356.03475000010803,2.0113353875227256e-12,1.4434604651021368e-13,5.562193927284012e-13,1.2122439879838245,0.1274029049399222,0.10004437671801242,S² ≈ σ²err,2.8171183872386565,1.15432128910469
N V,1991,21,2448264.36171,345.6082700002007,2.0290546654570136e-12,7.192561541477652e-14,5.293322559786378e-13,0.38773030685884796,,,not variable,1.8268287385903716,0.7201947631757516
N V,1992,17,2448626.96262,361.02407999988645,2.197652786802396e-12,1.571382319898358e-13,5.798741291612331e-13,1.248375335669596,0.13150094951807065,0.09079897859603077,S² ≈ σ²err,2.9391457632492326,0.9764706187505784
N V,1993,13,2448989.88841,359.0959699996747,2.470626749583243e-12,1.507556507785783e-13,6.912385412954405e-13,0.6183504224027336,,,not variable,2.8474551734038083,0.9761381024671155
N V,1994,14,2449361.19398,355.97752000018954,2.063812172517861e-12,8.229433039906958e-14,5.539216000849323e-13,0.3090090977606775,,,not variable,1.68200798796917,0.671887442749894
N V,1995,34,2449721.21616,361.6755500002764,1.9840529661376163e-12,7.309202284796107e-14,5.144733999205793e-13,0.686266863453781,,,not variable,3.947847563557138,1.5849543677673208
N V,1996,8,2450087.81387,25.16111999982968,1.9069032875915187e-12,1.0814049371928361e-13,5.030850905323656e-13,0.36964410928110797,,,not variable,1.563347274372152,0.6599025717672887
O I + Si II,1986,1,2446775.08101,0.0,,,,,,,N < 2,,
O I + Si II,1987,2,2446818.87052,10.933570000343025,4.573021100655694e-13,7.681778067379578e-14,1.2457570149015951e-13,0.7604782975410611,,,not variable,1.4037894585387707,0.5417935440240053
O I + Si II,1989,2,2447550.05735,141.55973999993876,4.327251727110852e-13,1.0236968671000177e-13,1.244555915045215e-13,1.3531436927448437,0.1709141345813919,0.24198950468709374,S² ≈ σ²err,1.6197547251245954,0.6704717895376916
O I + Si II,1990,2,2448012.58617,233.75064999982715,3.4390442394617534e-13,7.8952138567628e-14,9.36377220899967e-14,1.4218576264407945,0.17684632120768262,0.20960427182475283,S² ≈ σ²err,1.5959725046706132,0.6396596419454125
O I + Si II,1991,3,2448295.86608,128.66813999973238,5.494589969181748e-13,5.4962740643554713e-14,1.527463117709464e-13,0.38843338534845523,,,not variable,1.4006171724378942,0.5691882274777678
O I + Si II,1992,1,2448653.80265,0.0,,,,,,,N < 2,,
O I + Si II,1994,1,2449366.75045,0.0,,,,,,,N < 2,,
O I + Si II,1995,1,2449724.427,0.0,,,,,,,N < 2,,
O I + Si II,1996,1,2450098.8145,0.0,,,,,,,N < 2,,
C II,1986,1,2446764.22277,0.0,,,,,,,N < 2,,
C II,1987,1,2446829.80409,0.0,,,,,,,N < 2,,
C II,1988,1,2447175.01424,0.0,,,,,,,N < 2,,
C II,1989,1,2447550.10245,0.0,,,,,,,N < 2,,
C II,1990,1,2448245.35773,0.0,,,,,,,N < 2,,
C II,1994,1,2449717.12322,0.0,,,,,,,N < 2,,
Si IV + O IV],1978,2,2443654.90736,59.62088999990374,1.0586443308246592e-12,4.939374031940148e-14,2.2448644407425622e-13,0.09682635486949845,,,not variable,1.0978820142075392,0.3227009026214354
Si IV + O IV],1982,1,2445080.37093,0.0,,,,,,,N < 2,,
Si IV + O IV],1983,1,2445439.96013,0.0,,,,,,,N < 2,,
Si IV + O IV],1984,1,2445893.58914,0.0,,,,,,,N < 2,,
Si IV + O IV],1985,2,2446204.65473,0.05245999991893768,9.238966167580824e-13,2.3510246538385106e-14,2.003998500821543e-13,0.02752641021779015,,,not variable,1.0522225731441237,0.3267898427033772
Si IV + O IV],1986,6,2446564.71157,222.3870800002478,7.631874859918399e-13,9.637787471889388e-14,1.3317612278320408e-13,3.1423402401738265,0.2554108538741602,0.03441599109071342,S² ≈ σ²err,2.0789915544572914,0.5189424669851116
Si IV + O IV],1987,14,2446808.05385,351.10243000043556,9.301779588985295e-13,8.15296174776838e-14,2.1569519939012236e-13,2.0002205569704405,0.23191152032240894,0.043817493528089134,S² ≈ σ²err,4.394023431409156,1.6802156832206407
Si IV + O IV],1988,10,2447174.95447,348.20258999988437,8.069449873872969e-13,1.530343939889922e-13,2.462527601868815e-13,3.862032124764993,0.5162670777002701,0.040335266340791355,S² ≈ σ²err,5.7126274250894085,2.4814502431239918
Si IV + O IV],1989,14,2447550.10245,163.38715999992564,1.0065336445202155e-12,7.420376219552814e-14,2.55197349929973e-13,1.1836616180151656,0.1086568390968377,0.1118045930660741,S² ≈ σ²err,2.434976117317107,0.7924891753863603
Si IV + O IV],1990,8,2447909.07103,337.16758999973536,6.533325078801759e-13,4.821752781414675e-14,1.5088661148508838e-13,0.8169556022109753,,,not variable,1.674151644978975,0.651838394765699
Si IV + O IV],1991,18,2448264.36171,345.6082700002007,6.724491981464927e-13,6.875439791850008e-14,1.632415155151208e-13,3.1930979106471127,0.35950103792121574,0.027320640525281627,S² ≈ σ²err,3.422966503759536,1.2817860200703821
Si IV + O IV],1992,16,2448626.96262,361.02407999988645,8.825414364846701e-13,9.473246866038231e-14,2.438327774321364e-13,2.415091120300868,0.32866176505546707,0.04105724349716247,S² ≈ σ²err,4.115290022932059,1.7768348032183472
Si IV + O IV],1993,11,2448991.54194,357.44243999989703,9.562921517617786e-13,9.592292203685132e-14,2.591877740683996e-13,1.5066364188792005,0.19291772108264182,0.08118286566035027,S² ≈ σ²err,4.982159129059902,2.013987704189696
Si IV + O IV],1994,15,2449361.19398,355.97752000018954,1.0637509255863347e-12,9.133354106142056e-14,2.61705751063693e-13,1.8269443463466122,0.2237234236312567,0.04939403975873764,S² ≈ σ²err,4.772891907761907,1.4813717178767152
Si IV + O IV],1995,27,2449721.26541,361.62630000011995,1.016246446821733e-12,8.25170615309477e-14,2.5341676111237316e-13,2.862731393116845,0.3403387604359559,0.02486361652212974,S² ≈ σ²err,6.1321817968087835,2.299922448902299
Si IV + O IV],1996,4,2450092.8189,18.02347999997437,1.290877909480996e-12,1.5769029012152236e-13,3.4940309237509887e-13,0.8147350629004834,,,not variable,1.8385005251278819,0.7176309679632429
C IV,1978,3,2443614.49306,100.03519000019878,3.71439149214965e-12,8.415201513076928e-14,2.6690805901039304e-13,0.2982132398231478,,,not variable,1.0754828636150096,0.09126293026573051
C IV,1979,1,2443997.54954,0.0,,,,,,,N < 2,,
C IV,1982,8,2445078.43622,69.96517999982461,4.246689804509405e-12,1.8706015821441696e-13,2.341954408712663e-13,5.103824225997443,0.11171777362814726,0.006805711421582269,S² ≈ σ²err,1.4571077093360685,0.12248270162568375
C IV,1983,1,2445439.96013,0.0,,,,,,,N < 2,,
C IV,1984,3,2445841.4891,52.10003999993205,3.398154978285151e-12,5.816622216412045e-14,1.2735204385496982e-13,0.6258224401663399,,,not variable,1.0601572330849127,0.05496103104497443
C IV,1985,3,2446204.65473,69.20495999976993,3.513621632587932e-12,2.4885290507333735e-13,1.6882157567980939e-13,6.518546770427052,0.11287176620871314,0.008349971018326277,S² ≈ σ²err,1.2770679284664985,0.09240381261882098
C IV,1986,8,2446564.66188,222.4939899998717,4.3384355549089434e-12,3.0599047023876517e-13,2.061427502367892e-13,17.626644976803842,0.19374799950000476,0.016799251105614012,S² ≫ σ²err,1.6844463715436646,0.12365909194162786
C IV,1987,19,2446808.00218,351.15410000039265,4.0012537266356825e-12,7.211880929056393e-14,1.7079633285726094e-13,3.3876116120484405,0.06595751597757406,0.004481349446511221,S² ≈ σ²err,1.30483224361744,0.08407574519250405
C IV,1988,17,2447174.95447,348.20258999988437,3.751624296031398e-12,7.192324564640189e-14,1.7264107748961094e-13,2.950524331334816,0.06426884338795337,0.005650796318052958,S² ≈ σ²err,1.3337562242719094,0.0968026073687065
C IV,1989,19,2447550.05735,332.905199999921,3.936660840535154e-12,4.4754674034159144e-14,1.7028241155132962e-13,1.3124743163825756,0.024179591264470505,0.012552864192783635,S² ≈ σ²err,1.182980151592779,0.06881696404038584
C IV,1990,22,2447897.06407,356.03475000010803,3.4456335299970964e-12,7.12963900346875e-14,1.948756313892645e-13,2.9447110877207456,0.07887075451205074,0.006114128569262811,S² ≈ σ²err,1.5609742354805713,0.10325083567527876
C IV,1991,26,2448264.36171,345.6082700002007,3.587349742060047e-12,5.267851314210519e-14,1.8574093543090977e-13,2.091342234193179,0.05408967726359838,0.006873085648989552,S² ≈ σ²err,1.3385104201738027,0.09067116724294505
C IV,1992,23,2448626.96262,361.02407999988645,3.5082964200947308e-12,1.5144350636656735e-13,2.2533575057461706e-13,10.388885229972988,0.19680713304773872,0.013392754308915756,S² ≫ σ²err,2.449637875684281,0.19058856739818686
C IV,1993,19,2448989.88841,359.0959699996747,3.9400341928542485e-12,2.004190962701274e-13,2.2159147535362182e-13,15.542672707047391,0.21447425765371822,0.012902571005579141,S² ≫ σ²err,3.1043266298516357,0.36703162077792895
C IV,1994,23,2449361.19398,355.97752000018954,4.236385956990569e-12,1.142834228282442e-13,2.3208971201898403e-13,5.576767452442311,0.11720328734678212,0.003775739565918414,S² ≈ σ²err,1.7187999265767429,0.14901589504248303
C IV,1995,41,2449721.21616,361.6755500002764,4.494931264168435e-12,9.02681629810807e-14,2.333831413026943e-13,6.133580976450236,0.11764043848337859,0.0025306337251578253,S² ≈ σ²err,2.396796361497647,0.189546089919175
C IV,1996,10,2450087.81387,25.16111999982968,4.154056789966864e-12,1.466179614592891e-13,2.28293940898755e-13,4.124635577613142,0.09714526612944248,0.006951960104213966,S² ≈ σ²err,1.5085745046543462,0.12605799055114061
He II,1982,1,2445148.4014,0.0,,,,,,,N < 2,,
He II,1984,2,2445841.53637,52.052769999951124,1.5809192152931705e-13,7.404271946219368e-14,4.572471501021791e-14,5.244362503278572,0.5958645708636512,0.07019482553662341,S² ≈ σ²err,2.7618898845241073,1.1126879093556017
He II,1987,2,2446829.4259,15.460099999792874,1.0494037309284121e-13,1.3185777218050439e-14,3.3833892459673534e-14,0.30376486107315614,,,not variable,1.2874139892903869,0.5779395407088312
He II,1988,4,2447175.01424,177.46946000028402,1.5927163482375323e-13,2.847352156175701e-14,4.0424662794256524e-14,1.9844928853459254,0.2518339393360849,0.09043919407040553,S² ≈ σ²err,2.0986409989917942,0.691630322983909
He II,1989,1,2447677.64375,0.0,,,,,,,N < 2,,
He II,1990,2,2447927.8635,115.64922000002116,8.76009538640624e-14,1.3018952658342147e-14,2.8275385260791967e-14,0.4239991921203545,,,not variable,1.3491178152335133,0.6053477362280651
He II,1991,7,2448273.52138,336.3872000002302,1.7104099357015654e-13,2.142236846456533e-14,4.012946245538064e-14,1.9948319950828624,0.23401193286694816,0.0628672178915377,S² ≈ σ²err,2.293947956953485,0.8408919613178053
He II,1992,4,2448626.96262,358.5590699999593,1.8681906628073614e-13,7.745300910705437e-14,4.06436126022403e-14,14.526198520607677,0.8001271084483154,0.10877801021969691,S² ≫ σ²err,6.174434000671692,1.8989091547137356
He II,1993,5,2448993.55841,355.4259699997492,2.304021704776804e-13,6.07368283370234e-14,5.926393609292288e-14,5.251619333438165,0.5303726408353834,0.03944815897527561,S² ≈ σ²err,4.289187200826317,1.6061210687438319
He II,1994,6,2449361.24083,355.9306700001471,1.6729636159717964e-13,1.841319081848898e-14,4.741226583764704e-14,0.9049569848582047,,,not variable,2.152016099263829,0.7619608907162465
He II,1995,6,2449722.71752,131.95897000003606,1.7165057444149833e-13,1.4890284772366457e-14,4.770374321165211e-14,0.584591290109884,,,not variable,1.8892935677071294,0.7906878451327098
He II,1996,5,2450087.81387,23.028509999625385,1.9439582696254775e-13,6.251492208396613e-14,7.304021883735151e-14,3.662800470799144,0.6131185280683159,0.07281247865199146,S² ≈ σ²err,3.7668929644788953,1.725249284150897
O III],1978,1,2443614.49306,0.0,,,,,,,N < 2,,
O III],1982,3,2445080.37093,67.94085999997333,2.89905404680313e-13,5.967187894069138e-14,8.163727042093866e-14,1.6028162245886677,0.21863748845114228,0.14806897566898927,S² ≈ σ²err,2.121669156118885,0.8192474659058305
O III],1983,1,2445439.96013,0.0,,,,,,,N < 2,,
O III],1984,1,2445893.58914,0.0,,,,,,,N < 2,,
O III],1985,1,2446204.70719,0.0,,,,,,,N < 2,,
O III],1986,3,2446564.66188,222.43677000002936,2.1347086621961505e-13,6.020749408021289e-14,7.165671472324384e-14,2.1179152232548706,0.3549136606880806,0.12960991336741706,S² ≈ σ²err,2.193686087968763,0.8568803317534265
O III],1987,3,2446808.05385,140.46471000043675,1.791257180153066e-13,4.309124073824678e-14,4.062634903686442e-14,3.375076818143989,0.3495334000223644,0.0600807569376482,S² ≈ σ²err,2.482330932076477,0.6284320468563745
O III],1988,4,2447317.40553,205.75153000000864,1.9803269901729377e-13,4.043448995090516e-14,4.900259269425788e-14,2.7234901693770195,0.3248527574769486,0.06663965706927406,S² ≈ σ²err,2.7991392787781524,0.8688865653543352
O III],1989,4,2447560.53772,322.3723300001584,2.397028765029512e-13,4.8995597005167793e-14,7.563177097003661e-14,1.678670890222794,0.2599325306065789,0.13541177151605385,S² ≈ σ²err,2.4189860533911975,0.9016114679083752
O III],1990,6,2447897.06407,356.03475000010803,1.9625922481210507e-13,4.05874093635222e-14,3.9717165548902355e-14,6.265812860368262,0.4643878819037019,0.025458032381229734,S² ≈ σ²err,3.186034701054483,0.9816664035151816
O III],1991,4,2448273.57358,324.5091300001368,1.9068255082971987e-13,3.2660510423949854e-14,5.354621862814086e-14,1.488155497101495,0.1961990706944385,0.14209989867397874,S² ≈ σ²err,2.0010716730403795,0.7964468963150204
O III],1992,3,2448639.97214,334.00431999983266,1.755318224798636e-13,3.685731969173811e-14,4.836013800722318e-14,1.742583874504787,0.23741296214738183,0.13052186999787269,S² ≈ σ²err,2.152213294887123,0.7929525848578541
O III],1993,4,2448990.61029,144.10787999955937,2.2291087453681534e-13,7.034258877785705e-14,3.7526090689318286e-14,14.05497373854912,0.6082611368813409,0.0841728578008889,S² ≫ σ²err,5.391536157694656,1.7492211992462232
O III],1994,9,2449361.24083,355.9306700001471,1.9786904267758833e-13,3.506358910965998e-14,4.953176178736974e-14,4.510115823595196,0.4689933087823776,0.03149263116826622,S² ≈ σ²err,4.8450726823947745,1.3366239778207458
O III],1995,9,2449721.4166,174.10253999987617,2.3584389131963644e-13,3.9898235512096606e-14,6.304393611765279e-14,3.604651207515694,0.43141324622591626,0.03903980579303843,S² ≈ σ²err,5.046928438572628,1.8374679397342937
O III],1996,1,2450098.8145,0.0,,,,,,,N < 2,,
